Model,Accuracy,Macro F1
Logistic Regression,0.5440414507772021,0.2916398950750096
SVM,0.6062176165803109,0.30278072592259064
Random Forest,0.7253886010362695,0.2971476045416782
